text,label
Your payment has failed. Click the link below and enter your card details to complete the payment.,1
Your account has been compromised. Verify your password immediately using the link below.,1
The project report is ready for review. Please share your feedback.,0
Security alert! Suspicious activity was detected. Login immediately to prevent account suspension.,1
"Hi Priya, please find the application form attached for your review.",0
"Hi Sarah, please find the application form attached for your review.",0
Please review the attached project report before the meeting.,0
Your monthly shopping statement is now available in your account.,0
Your application for cloud has been received successfully.,0
Thank you for registering for the project review. We look forward to seeing you.,0
URGENT! Your shopping account will be suspended today. Click here immediately to verify your account.,1
Your monthly shopping statement is now available in your account.,0
FINAL WARNING! Your account will be deleted within 24 hours unless you confirm your identity.,1
Your refund is waiting. Provide your bank account information to receive the money.,1
Reminder: your college seminar is scheduled for 2 PM.,0
Reminder: your project review is scheduled for 3 PM.,0
Your banking access is temporarily locked. Enter your username and password to restore access.,1
Your account has been compromised. Verify your password immediately using the link below.,1
URGENT! Your email account will be suspended today. Click here immediately to verify your account.,1
Urgent action required! Your email account will be permanently disabled unless you verify it now.,1
URGENT! Your subscription account will be suspended today. Click here immediately to verify your account.,1
Security alert! Suspicious activity was detected. Login immediately to prevent account suspension.,1
Your payment has failed. Click the link below and enter your card details to complete the payment.,1
Please review the attached invoice before the meeting.,0
Security alert! Suspicious activity was detected. Login immediately to prevent account suspension.,1
"Congratulations! You have won a ₹1,00,000 prize. Send your bank details to claim your reward.",1
Thank you for registering for the project review. We look forward to seeing you.,0
Your monthly subscription statement is now available in your account.,0
Your account has been compromised. Verify your password immediately using the link below.,1
Urgent action required! Your email account will be permanently disabled unless you verify it now.,1
Please review the attached assignment before the meeting.,0
Your payment has failed. Click the link below and enter your card details to complete the payment.,1
FINAL WARNING! Your account will be deleted within 24 hours unless you confirm your identity.,1
Reminder: your college seminar is scheduled for 11 AM.,0
Your monthly bank statement is now available in your account.,0
Your banking access is temporarily locked. Enter your username and password to restore access.,1
Your payment has failed. Click the link below and enter your card details to complete the payment.,1
URGENT! Your shopping account will be suspended today. Click here immediately to verify your account.,1
Your account has been compromised. Verify your password immediately using the link below.,1
Your banking access is temporarily locked. Enter your username and password to restore access.,1
Your application for bank has been received successfully.,0
Security alert! Suspicious activity was detected. Login immediately to prevent account suspension.,1
Thank you for registering for the college seminar. We look forward to seeing you.,0
"Congratulations! You have won a ₹50,000 prize. Send your bank details to claim your reward.",1
You have been selected for an exclusive reward. Confirm your personal information to claim it.,1
FINAL WARNING! Your account will be deleted within 24 hours unless you confirm your identity.,1
Urgent action required! Your email account will be permanently disabled unless you verify it now.,1
Your refund is waiting. Provide your bank account information to receive the money.,1
The project report is ready for review. Please share your feedback.,0
Your banking access is temporarily locked. Enter your username and password to restore access.,1
Your shopping order has been shipped and is expected to arrive tomorrow.,0
Your banking access is temporarily locked. Enter your username and password to restore access.,1
Your application for online banking has been received successfully.,0
The project report is ready for review. Please share your feedback.,0
Your monthly shopping statement is now available in your account.,0
Your payment has failed. Click the link below and enter your card details to complete the payment.,1
"Your password was changed successfully. If you made this change, no action is required.",0
Security alert! Suspicious activity was detected. Login immediately to prevent account suspension.,1
Your banking access is temporarily locked. Enter your username and password to restore access.,1
"Your password was changed successfully. If you made this change, no action is required.",0
The project report is ready for review. Please share your feedback.,0
Your refund is waiting. Provide your bank account information to receive the money.,1
Urgent action required! Your email account will be permanently disabled unless you verify it now.,1
FINAL WARNING! Your account will be deleted within 24 hours unless you confirm your identity.,1
Urgent action required! Your email account will be permanently disabled unless you verify it now.,1
Security alert! Suspicious activity was detected. Login immediately to prevent account suspension.,1
Your application for shopping has been received successfully.,0
"Hi Priya, please find the presentation attached for your review.",0
Your bank order has been shipped and is expected to arrive tomorrow.,0
The project report is ready for review. Please share your feedback.,0
You have been selected for an exclusive reward. Confirm your personal information to claim it.,1
You have been selected for an exclusive reward. Confirm your personal information to claim it.,1
FINAL WARNING! Your account will be deleted within 24 hours unless you confirm your identity.,1
Security alert! Suspicious activity was detected. Login immediately to prevent account suspension.,1
Your account has been compromised. Verify your password immediately using the link below.,1
Your account has been compromised. Verify your password immediately using the link below.,1
"Hi Neha, please find the application form attached for your review.",0
Your refund is waiting. Provide your bank account information to receive the money.,1
Your cloud order has been shipped and is expected to arrive tomorrow.,0
Your monthly subscription statement is now available in your account.,0
Your application for bank has been received successfully.,0
FINAL WARNING! Your account will be deleted within 24 hours unless you confirm your identity.,1
Your banking access is temporarily locked. Enter your username and password to restore access.,1
Please review the attached assignment before the meeting.,0
Your cloud order has been shipped and is expected to arrive tomorrow.,0
Your banking access is temporarily locked. Enter your username and password to restore access.,1
Thank you for registering for the training session. We look forward to seeing you.,0
Reminder: your training session is scheduled for 2 PM.,0
Reminder: your project review is scheduled for 10 AM.,0
Your account has been compromised. Verify your password immediately using the link below.,1
FINAL WARNING! Your account will be deleted within 24 hours unless you confirm your identity.,1
The project report is ready for review. Please share your feedback.,0
Your monthly subscription statement is now available in your account.,0
URGENT! Your shopping account will be suspended today. Click here immediately to verify your account.,1
URGENT! Your cloud account will be suspended today. Click here immediately to verify your account.,1
"Hi Neha, please find the presentation attached for your review.",0
"Your password was changed successfully. If you made this change, no action is required.",0
The project report is ready for review. Please share your feedback.,0
"Your password was changed successfully. If you made this change, no action is required.",0
Reminder: your team meeting is scheduled for 3 PM.,0
Reminder: your team meeting is scheduled for 3 PM.,0
You have been selected for an exclusive reward. Confirm your personal information to claim it.,1
"Hi Arjun, please find the assignment attached for your review.",0
You have been selected for an exclusive reward. Confirm your personal information to claim it.,1
Your application for subscription has been received successfully.,0
Please review the attached application form before the meeting.,0
FINAL WARNING! Your account will be deleted within 24 hours unless you confirm your identity.,1
Security alert! Suspicious activity was detected. Login immediately to prevent account suspension.,1
Please review the attached assignment before the meeting.,0
The project report is ready for review. Please share your feedback.,0
Your refund is waiting. Provide your bank account information to receive the money.,1
The project report is ready for review. Please share your feedback.,0
Your shopping order has been shipped and is expected to arrive tomorrow.,0
Your payment has failed. Click the link below and enter your card details to complete the payment.,1
The project report is ready for review. Please share your feedback.,0
Your banking access is temporarily locked. Enter your username and password to restore access.,1
The project report is ready for review. Please share your feedback.,0
"Congratulations! You have won a $1,000 prize. Send your bank details to claim your reward.",1
"Congratulations! You have won a ₹1,00,000 prize. Send your bank details to claim your reward.",1
Thank you for registering for the project review. We look forward to seeing you.,0
"Hi Priya, can we reschedule our meeting to 2 PM?",0
Urgent action required! Your email account will be permanently disabled unless you verify it now.,1
"Congratulations! You have won a $5,000 prize. Send your bank details to claim your reward.",1
Thank you for registering for the college seminar. We look forward to seeing you.,0
"Hi Daniel, please find the project report attached for your review.",0
Reminder: your project review is scheduled for 11 AM.,0
Thank you for registering for the team meeting. We look forward to seeing you.,0
Your payment has failed. Click the link below and enter your card details to complete the payment.,1
Urgent action required! Your email account will be permanently disabled unless you verify it now.,1
Security alert! Suspicious activity was detected. Login immediately to prevent account suspension.,1
Thank you for registering for the training session. We look forward to seeing you.,0
You have been selected for an exclusive reward. Confirm your personal information to claim it.,1
FINAL WARNING! Your account will be deleted within 24 hours unless you confirm your identity.,1
The project report is ready for review. Please share your feedback.,0
"Congratulations! You have won a ₹50,000 prize. Send your bank details to claim your reward.",1
Urgent action required! Your email account will be permanently disabled unless you verify it now.,1
Please review the attached application form before the meeting.,0
FINAL WARNING! Your account will be deleted within 24 hours unless you confirm your identity.,1
URGENT! Your bank account will be suspended today. Click here immediately to verify your account.,1
Your subscription order has been shipped and is expected to arrive tomorrow.,0
"Your password was changed successfully. If you made this change, no action is required.",0
FINAL WARNING! Your account will be deleted within 24 hours unless you confirm your identity.,1
"Your password was changed successfully. If you made this change, no action is required.",0
Your account has been compromised. Verify your password immediately using the link below.,1
Urgent action required! Your email account will be permanently disabled unless you verify it now.,1
Your bank order has been shipped and is expected to arrive tomorrow.,0
"Hi John, please find the presentation attached for your review.",0
"Your password was changed successfully. If you made this change, no action is required.",0
Your online banking order has been shipped and is expected to arrive tomorrow.,0
FINAL WARNING! Your account will be deleted within 24 hours unless you confirm your identity.,1
The project report is ready for review. Please share your feedback.,0
Security alert! Suspicious activity was detected. Login immediately to prevent account suspension.,1
URGENT! Your bank account will be suspended today. Click here immediately to verify your account.,1
Your account has been compromised. Verify your password immediately using the link below.,1
Congratulations! You have won a $500 prize. Send your bank details to claim your reward.,1
Security alert! Suspicious activity was detected. Login immediately to prevent account suspension.,1
"Congratulations! You have won a $1,000 prize. Send your bank details to claim your reward.",1
Your payment has failed. Click the link below and enter your card details to complete the payment.,1
Your account has been compromised. Verify your password immediately using the link below.,1
Thank you for registering for the college seminar. We look forward to seeing you.,0
Thank you for registering for the training session. We look forward to seeing you.,0
Security alert! Suspicious activity was detected. Login immediately to prevent account suspension.,1
Your monthly bank statement is now available in your account.,0
Security alert! Suspicious activity was detected. Login immediately to prevent account suspension.,1
Security alert! Suspicious activity was detected. Login immediately to prevent account suspension.,1
Please review the attached presentation before the meeting.,0
"Hi Amit, can we reschedule our meeting to tomorrow morning?",0
The project report is ready for review. Please share your feedback.,0
"Hi Neha, can we reschedule our meeting to tomorrow morning?",0
Your monthly shopping statement is now available in your account.,0
"Hi Michael, can we reschedule our meeting to 11 AM?",0
Your cloud order has been shipped and is expected to arrive tomorrow.,0
The project report is ready for review. Please share your feedback.,0
Thank you for registering for the webinar. We look forward to seeing you.,0
Your online banking order has been shipped and is expected to arrive tomorrow.,0
"Hi Sarah, please find the application form attached for your review.",0
"Hi Priya, can we reschedule our meeting to 10 AM?",0
"Hi David, please find the invoice attached for your review.",0
Your banking access is temporarily locked. Enter your username and password to restore access.,1
Your email order has been shipped and is expected to arrive tomorrow.,0
Your payment has failed. Click the link below and enter your card details to complete the payment.,1
Urgent action required! Your email account will be permanently disabled unless you verify it now.,1
"Your password was changed successfully. If you made this change, no action is required.",0
FINAL WARNING! Your account will be deleted within 24 hours unless you confirm your identity.,1
Thank you for registering for the webinar. We look forward to seeing you.,0
The project report is ready for review. Please share your feedback.,0
You have been selected for an exclusive reward. Confirm your personal information to claim it.,1
Your banking access is temporarily locked. Enter your username and password to restore access.,1
"Congratulations! You have won a $5,000 prize. Send your bank details to claim your reward.",1
Your payment has failed. Click the link below and enter your card details to complete the payment.,1
Reminder: your webinar is scheduled for tomorrow morning.,0
Your application for online banking has been received successfully.,0
Your refund is waiting. Provide your bank account information to receive the money.,1
Congratulations! You have won a $500 prize. Send your bank details to claim your reward.,1
The project report is ready for review. Please share your feedback.,0
Your application for shopping has been received successfully.,0
Your monthly shopping statement is now available in your account.,0
You have been selected for an exclusive reward. Confirm your personal information to claim it.,1
Your application for online banking has been received successfully.,0
Your monthly bank statement is now available in your account.,0
